{
  "schemaVersion": 1,
  "id": "hardgrind_noop",
  "version": "${version}",
  "name": "HardGrind No-OP",
  "description": "Singleplayer discipline mod: disables OP, blocks cheat commands, enforces Survival, disables Open-to-LAN.",
  "authors": [
    "HardGrind Team"
  ],
  "license": "MIT",
  "environment": "*",
  "entrypoints": {
    "main": [
      "com.hardgrind.noop.NoOpMod"
    ]
  },
  "mixins": [
    "hardgrind.mixins.json"
  ],
  "depends": {
    "fabricloader": ">=0.17.2",
    "minecraft": "~1.21.9",
    "fabric-api": ">=0.134.0+1.21.9"
  }
}